"Depth","SST_mean.coldest.month","SST_mean.hottest.month","NOX.B_mean","NO3_B_mean","NO2.B_mean","NH4.B_mean","TN.B_mean","DIN.B_mean","TP.B_mean","SRP.B_mean","APA.B_mean","TOC.B_mean","SiO2.B_mean","TURB.B_mean","SAL.B_mean","TEMP.B_mean","DO.B_mean","Kd_mean","TN.TP_mean","N.P_mean","DIN.TP_mean","Si.DIN_mean","Io_mean","DSIGT_mean","NOX.B_monthly_range","NO2.B_monthly_range","NH4.B_monthly_range","TN.B_monthly_range","TP.B_monthly_range","SRP.B_monthly_range","APA.B_monthly_range","TOC.B_monthly_range","TURB.B_monthly_range","SAL.B_yearly_range","TEMP.B_monthly_range","DO.B_monthly_range","Kd_monthly_range","TN.TP_monthly_range","N.P_monthly_range","DIN.TP_monthly_range","Io_monthly_range","NOX.B_yearly_range","NO3_B_yearly_range","NO2.B_yearly_range","NH4.B_yearly_range","TN.B_yearly_range","DIN.B_yearly_range","TON.B_yearly_range","TP.B_yearly_range","SRP.B_yearly_range","TOC.B_yearly_range","SiO2.B_yearly_range","TURB.B_yearly_range","TEMP.B_yearly_range","DO.B_yearly_range","TN.TP_yearly_range","N.P_yearly_range","DIN.TP_yearly_range","Si.DIN_yearly_range","Chla_mean","Chla_annualRange","lon.trend","PCNM1","PCNM2","PCNM3","PCNM4","PCNM5"
9.144,23.2884010431759,30.4304326375712,0.219252576400383,0.19961958215964,0.0455325244065292,0.322716587678325,10.5946222916587,0.602369355185947,0.183790179439517,0.0364127962884443,0.0662331088936355,147.30223289518,0.825511159664736,0.967671788072525,36.2249684918148,26.5214329571624,6.17912276180032,0.195612055561486,67.7237736192395,50.2443582374591,3.6378705962691,1.58634705881117,22.4873532386252,0.264434540617002,0.777230772502844,0.0786584499140907,0.628581439564582,15.6004459241531,0.174218404596727,0.0831145901881167,0.0613752611330482,274.272076306804,2.89250579456285,0.771691778271795,3.46830984294144,1.42256343302069,0.426559582018829,126.024482983058,224.955324535197,7.03406557406351,43.0242443966974,0.436836210029027,0.386601289737524,0.0557112009854113,0.429412077507385,9.50317075460285,0.718637120114516,9.80924189726175,0.103794384852675,0.0408977448243804,122.728757017412,1.50122176435011,1.63026633430609,6.26618268766968,1.01937825854611,75.5294013327837,79.2375056962881,5.1962609120215,3.1761688772598,0.926423109486883,3.12552512437105,-1.10119960978332,0.0686749028779511,0.0137837702356859,-0.0250254146517854,-0.161568835520622,-0.0332147846933167
5.4864,22.5209560272385,30.2906166982922,0.217294810546957,0.17593560072372,0.0427208799291015,0.278068076390125,9.93530012198005,0.470772922361219,0.204474279985641,0.0301704386091213,0.0540014901140316,130.556801688344,0.669114335710538,0.925289028889685,36.1657683178941,26.167230977483,6.1310698062467,0.15643575265602,64.0104208732794,34.6060245935904,3.12819348781403,0.902354905019079,28.8947680266083,0.441579987933411,0.427105798157119,0.059554183601185,0.521463708539851,13.8816023555812,0.232181523674204,0.0531345993472408,0.0613753216372907,116.904921752806,2.36082527585305,0.642028010752302,3.48028861061034,1.41473660340885,0.298015802071075,113.657100999082,111.133734098763,6.39417510100134,33.9666893683176,0.308989294063505,0.253914570773045,0.0460357385411876,0.358641622568498,9.38183756795953,0.584184184989376,8.48169488030784,0.166394523882878,0.0275482730176152,55.8489571314701,1.9874828107434,1.41134239944464,6.14975035894714,1.01318333784157,74.9726520545861,67.1289323224829,4.22122655364711,5.00176371523743,0.451797638614237,2.82481760531664,-1.66004793791768,0.0255834967751597,-0.00250091067183644,0.115437352344527,0.0116243542466604,-0.153860981352555
18.288,23.4494692842654,30.3896015180266,0.219976315597629,0.202152557482788,0.0458623685260667,0.297213400352724,11.2762892328879,0.629874551439755,0.195541973233026,0.0286756144917004,0.0537575115148835,141.071072765217,0.845901858379109,0.693489974301585,36.1741431314947,26.6758223810691,6.06049088311247,0.17770827285497,68.7692025499388,55.063807947996,3.58498632885935,1.65575687312541,29.8510426701681,0.200867718554277,0.624588386050588,0.0702100789885808,0.492356867751292,20.2971660998111,0.210036047379431,0.060559903198385,0.0450426306003812,157.107550162385,2.5340136034308,0.713281074619643,3.38901862629063,1.64336726359602,0.454345733162795,155.941670041966,160.453795344341,8.94607146059717,47.9022445093297,0.383380659097788,0.310402220799437,0.0499730572417857,0.419289779148802,11.1029008914462,0.718489827912818,9.79489121090862,0.134904261872695,0.0345267464516413,75.0713069340356,1.40454985525133,1.0645592055331,6.1843590982338,1.0109232695734,81.2347896807955,78.2497836892499,5.44374110155427,12.406657484441,0.555452416403384,3.01598454266787,-0.845133646788029,0.0984838802290573,0.0231451086466021,-0.0646114297825136,-0.0542977367595639,0.00588629030822298
18.288,23.4494692842654,30.3896015180266,0.219976315597629,0.202152557482788,0.0458623685260667,0.297213400352724,11.2762892328879,0.629874551439755,0.195541973233026,0.0286756144917004,0.0537575115148835,141.071072765217,0.845901858379109,0.693489974301585,36.1741431314947,26.6758223810691,6.06049088311247,0.17770827285497,68.7692025499388,55.063807947996,3.58498632885935,1.65575687312541,29.8510426701681,0.200867718554277,0.624588386050588,0.0702100789885808,0.492356867751292,20.2971660998111,0.210036047379431,0.060559903198385,0.0450426306003812,157.107550162385,2.5340136034308,0.713281074619643,3.38901862629063,1.64336726359602,0.454345733162795,155.941670041966,160.453795344341,8.94607146059717,47.9022445093297,0.383380659097788,0.310402220799437,0.0499730572417857,0.419289779148802,11.1029008914462,0.718489827912818,9.79489121090862,0.134904261872695,0.0345267464516413,75.0713069340356,1.40454985525133,1.0645592055331,6.1843590982338,1.0109232695734,81.2347896807955,78.2497836892499,5.44374110155427,12.406657484441,0.555452416403384,3.01598454266787,-0.845133646788029,0.0984838802290573,0.0231451086466021,-0.0646114297825135,-0.0542977367595639,0.005886290308223
18.288,23.4494692842654,30.3896015180266,0.219976315597629,0.202152557482788,0.0458623685260667,0.297213400352724,11.2762892328879,0.629874551439755,0.195541973233026,0.0286756144917004,0.0537575115148835,141.071072765217,0.845901858379109,0.693489974301585,36.1741431314947,26.6758223810691,6.06049088311247,0.17770827285497,68.7692025499388,55.063807947996,3.58498632885935,1.65575687312541,29.8510426701681,0.200867718554277,0.624588386050588,0.0702100789885808,0.492356867751292,20.2971660998111,0.210036047379431,0.060559903198385,0.0450426306003812,157.107550162385,2.5340136034308,0.713281074619643,3.38901862629063,1.64336726359602,0.454345733162795,155.941670041966,160.453795344341,8.94607146059717,47.9022445093297,0.383380659097788,0.310402220799437,0.0499730572417857,0.419289779148802,11.1029008914462,0.718489827912818,9.79489121090862,0.134904261872695,0.0345267464516413,75.0713069340356,1.40454985525133,1.0645592055331,6.1843590982338,1.0109232695734,81.2347896807955,78.2497836892499,5.44374110155427,12.406657484441,0.555452416403384,3.01598454266787,-0.845133646788029,0.0984838802290573,0.0231451086466021,-0.0646114297825136,-0.0542977367595639,0.005886290308223
18.288,23.4494692842654,30.3896015180266,0.219976315597629,0.202152557482788,0.0458623685260667,0.297213400352724,11.2762892328879,0.629874551439755,0.195541973233026,0.0286756144917004,0.0537575115148835,141.071072765217,0.845901858379109,0.693489974301585,36.1741431314947,26.6758223810691,6.06049088311247,0.17770827285497,68.7692025499388,55.063807947996,3.58498632885935,1.65575687312541,29.8510426701681,0.200867718554277,0.624588386050588,0.0702100789885808,0.492356867751292,20.2971660998111,0.210036047379431,0.060559903198385,0.0450426306003812,157.107550162385,2.5340136034308,0.713281074619643,3.38901862629063,1.64336726359602,0.454345733162795,155.941670041966,160.453795344341,8.94607146059717,47.9022445093297,0.383380659097788,0.310402220799437,0.0499730572417857,0.419289779148802,11.1029008914462,0.718489827912818,9.79489121090862,0.134904261872695,0.0345267464516413,75.0713069340356,1.40454985525133,1.0645592055331,6.1843590982338,1.0109232695734,81.2347896807955,78.2497836892499,5.44374110155427,12.406657484441,0.555452416403384,3.01598454266787,-0.845133646788029,0.0984838802290573,0.0231451086466021,-0.0646114297825137,-0.0542977367595639,0.00588629030822305
18.288,23.4494692842654,30.3896015180266,0.219976315597629,0.202152557482788,0.0458623685260667,0.297213400352724,11.2762892328879,0.629874551439755,0.195541973233026,0.0286756144917004,0.0537575115148835,141.071072765217,0.845901858379109,0.693489974301585,36.1741431314947,26.6758223810691,6.06049088311247,0.17770827285497,68.7692025499388,55.063807947996,3.58498632885935,1.65575687312541,29.8510426701681,0.200867718554277,0.624588386050588,0.0702100789885808,0.492356867751292,20.2971660998111,0.210036047379431,0.060559903198385,0.0450426306003812,157.107550162385,2.5340136034308,0.713281074619643,3.38901862629063,1.64336726359602,0.454345733162795,155.941670041966,160.453795344341,8.94607146059717,47.9022445093297,0.383380659097788,0.310402220799437,0.0499730572417857,0.419289779148802,11.1029008914462,0.718489827912818,9.79489121090862,0.134904261872695,0.0345267464516413,75.0713069340356,1.40454985525133,1.0645592055331,6.1843590982338,1.0109232695734,81.2347896807955,78.2497836892499,5.44374110155427,12.406657484441,0.555452416403384,3.01598454266787,-0.845133646788029,0.0984838802290573,0.0231451086466021,-0.0646114297825137,-0.0542977367595639,0.00588629030822307
9.144,22.2703879310345,30.3314155597723,0.21707440179099,0.179896460347669,0.0484107969934925,0.283150882225132,10.8650862303218,0.537477983285571,0.232724242251556,0.0335493257539461,0.0588768959643372,135.290329094511,0.910596042435984,0.921868704985654,36.259296913479,25.301127490891,6.09938059215637,0.133198399033146,68.0711600744248,32.4475513459718,2.68841276901943,1.03817833136697,14.027523039461,0.527748952312632,0.543704262101284,0.21681530603877,0.626023698331889,15.3172314112466,0.24551769504748,0.0625982891562008,0.0613753216372907,147.776263821506,1.94517916280483,0.518304587212236,3.82922607983823,1.81689737795766,0.291492338520125,117.811030837263,126.433027658783,5.32809982168764,31.3259751284915,0.388258601462261,0.314642065069228,0.146753699313693,0.371578237988499,10.1522429612839,0.718361141269184,9.8020810050206,0.165617197476495,0.0420462044542277,77.3150343773437,1.83932589294031,0.932217455078153,7.06414629678887,1.25836978711471,76.5331438992127,74.071734979094,3.90041854287819,1.96367849808971,0.455487131505424,3.6204019933939,-1.82555722088211,0.0248665492724729,-0.00243827833738053,0.114446222048267,0.0150878987370313,-0.166114449663243
5.4864,22.5209560272385,30.2906166982922,0.217294810546957,0.17593560072372,0.0427208799291015,0.278068076390125,9.93530012198005,0.470772922361219,0.204474279985641,0.0301704386091213,0.0540014901140316,130.556801688344,0.669114335710538,0.925289028889685,36.1657683178941,26.167230977483,6.1310698062467,0.15643575265602,64.0104208732794,34.6060245935904,3.12819348781403,0.902354905019079,28.8947680266083,0.441579987933411,0.427105798157119,0.059554183601185,0.521463708539851,13.8816023555812,0.232181523674204,0.0531345993472408,0.0613753216372907,116.904921752806,2.36082527585305,0.642028010752302,3.48028861061034,1.41473660340885,0.298015802071075,113.657100999082,111.133734098763,6.39417510100134,33.9666893683176,0.308989294063505,0.253914570773045,0.0460357385411876,0.358641622568498,9.38183756795953,0.584184184989376,8.48169488030784,0.166394523882878,0.0275482730176152,55.8489571314701,1.9874828107434,1.41134239944464,6.14975035894714,1.01318333784157,74.9726520545861,67.1289323224829,4.22122655364711,5.00176371523743,0.451797638614237,2.82481760531664,-1.66004793791768,0.0255834967751596,-0.00250091067183645,0.115437352344527,0.0116243542466605,-0.153860981352556
9.144,23.4681773399015,30.4190474383302,0.220155215373313,0.179873791831802,0.0442641669958606,0.337276488547931,10.6693366880564,0.646407523385764,0.2032294800439,0.0321755808680819,0.0571036945938865,130.049412957799,1.10289929146775,0.610496092606601,36.1693229900371,26.7707864968623,6.09986780547489,0.176006389762916,70.8349873355979,59.8751314558042,3.07810763366646,2.06727123777798,38.4741442476111,0.172469920982906,0.485143029621742,0.0709272082908874,0.762159010838652,15.8934194579837,0.227769755198514,0.0968930521643686,0.0707535625870444,127.941887290448,2.34333484226455,0.797346005473287,3.50620233431989,1.67893608968279,0.485684668153104,139.027327041401,216.489521151362,7.37219427501558,52.0166781301292,0.290232243480566,0.302335127847562,0.0590235291721051,0.585439540863305,9.85401099376086,0.71807555796203,9.85759175902879,0.133127699555266,0.0473334093653071,56.2468780499843,1.67669525037665,1.19011143698818,6.35374720168495,1.05487233587265,80.7510758616932,108.867413347833,4.21096965680958,-6.19393823613312,1.16569258483208,3.80789106339216,-0.497254295311334,0.05864596114926,0.0103791604328347,0.00504861030050712,0.184107725408046,0.030554079588067
9.144,23.4681773399015,30.4190474383302,0.220155215373313,0.179873791831802,0.0442641669958606,0.337276488547931,10.6693366880564,0.646407523385764,0.2032294800439,0.0321755808680819,0.0571036945938865,130.049412957799,1.10289929146775,0.610496092606601,36.1693229900371,26.7707864968623,6.09986780547489,0.176006389762916,70.8349873355979,59.8751314558042,3.07810763366646,2.06727123777798,38.4741442476111,0.172469920982906,0.485143029621742,0.0709272082908874,0.762159010838652,15.8934194579837,0.227769755198514,0.0968930521643686,0.0707535625870444,127.941887290448,2.34333484226455,0.797346005473287,3.50620233431989,1.67893608968279,0.485684668153104,139.027327041401,216.489521151362,7.37219427501558,52.0166781301292,0.290232243480566,0.302335127847562,0.0590235291721051,0.585439540863305,9.85401099376086,0.71807555796203,9.85759175902879,0.133127699555266,0.0473334093653071,56.2468780499843,1.67669525037665,1.19011143698818,6.35374720168495,1.05487233587265,80.7510758616932,108.867413347833,4.21096965680958,-6.19393823613312,1.16569258483208,3.80789106339216,-0.497254295311334,0.05864596114926,0.0103791604328347,0.00504861030050713,0.184107725408046,0.030554079588067
9.144,23.4681773399015,30.4190474383302,0.220155215373313,0.179873791831802,0.0442641669958606,0.337276488547931,10.6693366880564,0.646407523385764,0.2032294800439,0.0321755808680819,0.0571036945938865,130.049412957799,1.10289929146775,0.610496092606601,36.1693229900371,26.7707864968623,6.09986780547489,0.176006389762916,70.8349873355979,59.8751314558042,3.07810763366646,2.06727123777798,38.4741442476111,0.172469920982906,0.485143029621742,0.0709272082908874,0.762159010838652,15.8934194579837,0.227769755198514,0.0968930521643686,0.0707535625870444,127.941887290448,2.34333484226455,0.797346005473287,3.50620233431989,1.67893608968279,0.485684668153104,139.027327041401,216.489521151362,7.37219427501558,52.0166781301292,0.290232243480566,0.302335127847562,0.0590235291721051,0.585439540863305,9.85401099376086,0.71807555796203,9.85759175902879,0.133127699555266,0.0473334093653071,56.2468780499843,1.67669525037665,1.19011143698818,6.35374720168495,1.05487233587265,80.7510758616932,108.867413347833,4.21096965680958,-6.19393823613312,1.16569258483208,3.80789106339216,-0.497254295311334,0.05864596114926,0.0103791604328347,0.00504861030050713,0.184107725408046,0.030554079588067
4.572,23.4848853955375,30.4837741935484,0.219029378111639,0.169563012057431,0.042385966768248,0.288236928429833,9.4947731226355,0.559245763857693,0.189964544811884,0.0292113966925937,0.0570111572151302,150.023644121734,1.21290265092667,0.400632354758511,36.1458934366594,26.9564143070142,6.12064089110546,0.17416362139067,66.6257705252298,38.3844168060192,3.19127721382779,3.04965702602476,49.8311257595161,0.122869271566037,0.358846800673281,0.0756483433766486,0.662489699158852,13.5618808097178,0.251522498899681,0.0553605584105711,0.0613742540041815,98.5176349289296,1.89781367781289,0.918026037895021,3.54202160950983,1.82969687117268,0.556236745995603,131.30025004758,135.545916014414,7.83762267177073,56.7035210536492,0.385189763332371,0.314651335408815,0.0778047799573565,0.462713350346062,8.07721316060984,0.718637356140668,9.80924678683631,0.133544360041219,0.0408979364666818,56.712288995808,1.65355047784748,0.680747797079874,6.259505153171,1.04563927924478,73.4592688316475,78.3392811018744,5.83693336822958,2.45660797220584,1.27406932751453,6.63484811782837,-0.0189380294599734,0.0205044108021526,0.00354111809577639,0.0790382312506396,0.0049846814481783,-0.00658707998507342
4.572,23.4848853955375,30.4837741935484,0.219029378111639,0.169563012057431,0.042385966768248,0.288236928429833,9.4947731226355,0.559245763857693,0.189964544811884,0.0292113966925937,0.0570111572151302,150.023644121734,1.21290265092667,0.400632354758511,36.1458934366594,26.9564143070142,6.12064089110546,0.17416362139067,66.6257705252298,38.3844168060192,3.19127721382779,3.04965702602476,49.8311257595161,0.122869271566037,0.358846800673281,0.0756483433766486,0.662489699158852,13.5618808097178,0.251522498899681,0.0553605584105711,0.0613742540041815,98.5176349289296,1.89781367781289,0.918026037895021,3.54202160950983,1.82969687117268,0.556236745995603,131.30025004758,135.545916014414,7.83762267177073,56.7035210536492,0.385189763332371,0.314651335408815,0.0778047799573565,0.462713350346062,8.07721316060984,0.718637356140668,9.80924678683631,0.133544360041219,0.0408979364666818,56.712288995808,1.65355047784748,0.680747797079874,6.259505153171,1.04563927924478,73.4592688316475,78.3392811018744,5.83693336822958,2.45660797220584,1.27406932751453,6.63484811782837,-0.0189380294599734,0.0205044108021526,0.0035411180957764,0.0790382312506396,0.0049846814481783,-0.00658707998507346
16.764,23.7664108229499,30.3885009487666,0.21798216417297,0.188288504906385,0.0440370731493363,0.34100567681976,9.50222951528353,0.572998742636257,0.194333673746135,0.0310034102195302,0.0621323579971073,152.429138266927,0.863119699987999,0.641310539502884,36.1117114391329,26.7690413110145,6.07855566357123,0.214654133797124,67.1458587377008,41.1906988095665,3.45491625256596,1.15132614890608,50.505140328267,0.110050583369377,0.461615597706483,0.0876888653013212,0.997346634086126,15.0574372702353,0.266894932900071,0.0541959159380508,0.0678021052832663,118.654245065209,2.28971083830759,0.820263697584347,3.75853670010797,1.95950343911884,0.65551154721844,136.116320220009,154.875870377649,8.93139233411779,58.9812109135268,0.370259039611456,0.316505329979623,0.0766611318185154,0.512646206087225,11.2662596651177,0.717119441416847,9.77825078797193,0.151769491703304,0.0390900085469417,74.3524302092544,1.90136015719394,0.821810771020819,6.3997133445394,1.09417543496634,80.6739247244345,69.6346136537079,5.47297370956777,5.97625665968158,1.28824700990924,8.64687291532755,0.373191967476193,-0.0407621490491324,0.0910376140478094,0.0690635955471393,-0.0229058512894727,0.0808295453484159
16.764,23.7664108229499,30.3885009487666,0.21798216417297,0.188288504906385,0.0440370731493363,0.34100567681976,9.50222951528353,0.572998742636257,0.194333673746135,0.0310034102195302,0.0621323579971073,152.429138266927,0.863119699987999,0.641310539502884,36.1117114391329,26.7690413110145,6.07855566357123,0.214654133797124,67.1458587377008,41.1906988095665,3.45491625256596,1.15132614890608,50.505140328267,0.110050583369377,0.461615597706483,0.0876888653013212,0.997346634086126,15.0574372702353,0.266894932900071,0.0541959159380508,0.0678021052832663,118.654245065209,2.28971083830759,0.820263697584347,3.75853670010797,1.95950343911884,0.65551154721844,136.116320220009,154.875870377649,8.93139233411779,58.9812109135268,0.370259039611456,0.316505329979623,0.0766611318185154,0.512646206087225,11.2662596651177,0.717119441416847,9.77825078797193,0.151769491703304,0.0390900085469417,74.3524302092544,1.90136015719394,0.821810771020819,6.3997133445394,1.09417543496634,80.6739247244345,69.6346136537079,5.47297370956777,5.97625665968158,1.28824700990924,8.64687291532755,0.373191967476193,-0.0407621490491324,0.0910376140478094,0.0690635955471393,-0.0229058512894727,0.0808295453484159
16.764,23.7664108229499,30.3885009487666,0.21798216417297,0.188288504906385,0.0440370731493363,0.34100567681976,9.50222951528353,0.572998742636257,0.194333673746135,0.0310034102195302,0.0621323579971073,152.429138266927,0.863119699987999,0.641310539502884,36.1117114391329,26.7690413110145,6.07855566357123,0.214654133797124,67.1458587377008,41.1906988095665,3.45491625256596,1.15132614890608,50.505140328267,0.110050583369377,0.461615597706483,0.0876888653013212,0.997346634086126,15.0574372702353,0.266894932900071,0.0541959159380508,0.0678021052832663,118.654245065209,2.28971083830759,0.820263697584347,3.75853670010797,1.95950343911884,0.65551154721844,136.116320220009,154.875870377649,8.93139233411779,58.9812109135268,0.370259039611456,0.316505329979623,0.0766611318185154,0.512646206087225,11.2662596651177,0.717119441416847,9.77825078797193,0.151769491703304,0.0390900085469417,74.3524302092544,1.90136015719394,0.821810771020819,6.3997133445394,1.09417543496634,80.6739247244345,69.6346136537079,5.47297370956777,5.97625665968158,1.28824700990924,8.64687291532755,0.373191967476193,-0.0407621490491324,0.0910376140478093,0.0690635955471393,-0.0229058512894727,0.0808295453484159
3.048,23.5636283685888,30.561440227704,0.217939568204003,0.178683487568206,0.0432605730170515,0.368652952401088,10.8010348685653,0.541289580769535,0.187212625225821,0.0311109686430374,0.0588790308676066,159.57255762556,1.20780227207598,1.17456014703677,36.2316486051974,26.8119972002563,6.07177403457224,0.3473725673716,79.7280687908449,50.7745319221866,4.64428421301581,1.68779351241393,46.9677144774788,0.0918997977384917,0.504494266017577,0.0812615713573856,0.632144365731037,15.8180580928587,0.229078238769407,0.0620054981879841,0.0612274949143219,153.351909044723,2.10889734579683,1.72957637894496,4.07741608200244,2.27116168401382,0.838631364181544,151.550336096352,152.419519114567,9.27504001032964,58.66756498273,0.373361590702398,0.295934601664465,0.0668195429694848,0.475054859161252,11.6841473925179,0.712428296845868,9.92070274395553,0.162374217770074,0.0383416681181383,84.6573630391442,2.77305181941574,1.17197905096145,7.64770470501923,1.2936363277287,93.5066702254848,80.3671261032006,6.60798809199085,6.52343909904406,1.03864262636568,5.7468748986721,0.396131190643019,-0.0497270379150173,0.0935410382400374,0.0498989529992422,-0.0177970229231505,0.0631883505088811
19.812,23.8566442335555,30.3229943074004,0.217831578852541,0.233521463513663,0.0427048913781192,0.321387024975837,10.8319693421869,0.540805943954868,0.193397694861559,0.04051068110746,0.057983123505103,140.863817347869,0.559720217589392,0.399756506912716,36.1845924576287,26.1024231836937,6.06689562756202,0.204915255615889,71.3900508203484,43.0828100305289,3.67780603476868,1.65138451032765,32.5382543101771,0.112917504316913,0.939924784337805,0.114919330907595,0.640763749917527,15.0544628209308,0.254242840648704,0.0802482648032554,0.0502047072289265,142.399375305439,1.92900898232117,0.625796802795496,3.83858858260259,1.99324610861403,0.706811376477491,133.531714733254,137.295621006043,8.73634219116293,59.2614365683631,0.616093078110022,0.565461856404784,0.0803934361908044,0.48543329404966,10.1744701159457,0.93619450853359,10.2040335930364,0.170135410792366,0.0675328978908715,80.2449206719641,1.29861567007028,0.644395984889562,6.90353277275911,1.28037473019478,85.2907413771607,82.4676069166597,6.4562686474867,-2.94961910762852,0.444217941671116,3.10569836571813,0.458985667174225,-0.053443260799087,0.0935144597483634,0.0414100078201381,-0.0155550960339911,0.0554515596342798
19.812,23.8566442335555,30.3229943074004,0.217831578852541,0.233521463513663,0.0427048913781192,0.321387024975837,10.8319693421869,0.540805943954868,0.193397694861559,0.04051068110746,0.057983123505103,140.863817347869,0.559720217589392,0.399756506912716,36.1845924576287,26.1024231836937,6.06689562756202,0.204915255615889,71.3900508203484,43.0828100305289,3.67780603476868,1.65138451032765,32.5382543101771,0.112917504316913,0.939924784337805,0.114919330907595,0.640763749917527,15.0544628209308,0.254242840648704,0.0802482648032554,0.0502047072289265,142.399375305439,1.92900898232117,0.625796802795496,3.83858858260259,1.99324610861403,0.706811376477491,133.531714733254,137.295621006043,8.73634219116293,59.2614365683631,0.616093078110022,0.565461856404784,0.0803934361908044,0.48543329404966,10.1744701159457,0.93619450853359,10.2040335930364,0.170135410792366,0.0675328978908715,80.2449206719641,1.29861567007028,0.644395984889562,6.90353277275911,1.28037473019478,85.2907413771607,82.4676069166597,6.4562686474867,-2.94961910762852,0.444217941671116,3.10569836571813,0.458985667174225,-0.053443260799087,0.0935144597483634,0.0414100078201381,-0.0155550960339911,0.0554515596342798
19.812,23.8566442335555,30.3229943074004,0.217831578852541,0.233521463513663,0.0427048913781192,0.321387024975837,10.8319693421869,0.540805943954868,0.193397694861559,0.04051068110746,0.057983123505103,140.863817347869,0.559720217589392,0.399756506912716,36.1845924576287,26.1024231836937,6.06689562756202,0.204915255615889,71.3900508203484,43.0828100305289,3.67780603476868,1.65138451032765,32.5382543101771,0.112917504316913,0.939924784337805,0.114919330907595,0.640763749917527,15.0544628209308,0.254242840648704,0.0802482648032554,0.0502047072289265,142.399375305439,1.92900898232117,0.625796802795496,3.83858858260259,1.99324610861403,0.706811376477491,133.531714733254,137.295621006043,8.73634219116293,59.2614365683631,0.616093078110022,0.565461856404784,0.0803934361908044,0.48543329404966,10.1744701159457,0.93619450853359,10.2040335930364,0.170135410792366,0.0675328978908715,80.2449206719641,1.29861567007028,0.644395984889562,6.90353277275911,1.28037473019478,85.2907413771607,82.4676069166597,6.4562686474867,-2.94961910762852,0.444217941671116,3.10569836571813,0.458985667174225,-0.053443260799087,0.0935144597483634,0.0414100078201381,-0.0155550960339911,0.0554515596342798
19.812,23.8566442335555,30.3229943074004,0.217831578852541,0.233521463513663,0.0427048913781192,0.321387024975837,10.8319693421869,0.540805943954868,0.193397694861559,0.04051068110746,0.057983123505103,140.863817347869,0.559720217589392,0.399756506912716,36.1845924576287,26.1024231836937,6.06689562756202,0.204915255615889,71.3900508203484,43.0828100305289,3.67780603476868,1.65138451032765,32.5382543101771,0.112917504316913,0.939924784337805,0.114919330907595,0.640763749917527,15.0544628209308,0.254242840648704,0.0802482648032554,0.0502047072289265,142.399375305439,1.92900898232117,0.625796802795496,3.83858858260259,1.99324610861403,0.706811376477491,133.531714733254,137.295621006043,8.73634219116293,59.2614365683631,0.616093078110022,0.565461856404784,0.0803934361908044,0.48543329404966,10.1744701159457,0.93619450853359,10.2040335930364,0.170135410792366,0.0675328978908715,80.2449206719641,1.29861567007028,0.644395984889562,6.90353277275911,1.28037473019478,85.2907413771607,82.4676069166597,6.4562686474867,-2.94961910762852,0.444217941671116,3.10569836571813,0.458985667174225,-0.053443260799087,0.0935144597483634,0.0414100078201381,-0.0155550960339911,0.0554515596342798
19.812,23.8566442335555,30.3229943074004,0.217831578852541,0.233521463513663,0.0427048913781192,0.321387024975837,10.8319693421869,0.540805943954868,0.193397694861559,0.04051068110746,0.057983123505103,140.863817347869,0.559720217589392,0.399756506912716,36.1845924576287,26.1024231836937,6.06689562756202,0.204915255615889,71.3900508203484,43.0828100305289,3.67780603476868,1.65138451032765,32.5382543101771,0.112917504316913,0.939924784337805,0.114919330907595,0.640763749917527,15.0544628209308,0.254242840648704,0.0802482648032554,0.0502047072289265,142.399375305439,1.92900898232117,0.625796802795496,3.83858858260259,1.99324610861403,0.706811376477491,133.531714733254,137.295621006043,8.73634219116293,59.2614365683631,0.616093078110022,0.565461856404784,0.0803934361908044,0.48543329404966,10.1744701159457,0.93619450853359,10.2040335930364,0.170135410792366,0.0675328978908715,80.2449206719641,1.29861567007028,0.644395984889562,6.90353277275911,1.28037473019478,85.2907413771607,82.4676069166597,6.4562686474867,-2.94961910762852,0.444217941671116,3.10569836571813,0.458985667174225,-0.053443260799087,0.0935144597483634,0.0414100078201382,-0.0155550960339911,0.0554515596342798
19.812,23.8566442335555,30.3229943074004,0.217831578852541,0.233521463513663,0.0427048913781192,0.321387024975837,10.8319693421869,0.540805943954868,0.193397694861559,0.04051068110746,0.057983123505103,140.863817347869,0.559720217589392,0.399756506912716,36.1845924576287,26.1024231836937,6.06689562756202,0.204915255615889,71.3900508203484,43.0828100305289,3.67780603476868,1.65138451032765,32.5382543101771,0.112917504316913,0.939924784337805,0.114919330907595,0.640763749917527,15.0544628209308,0.254242840648704,0.0802482648032554,0.0502047072289265,142.399375305439,1.92900898232117,0.625796802795496,3.83858858260259,1.99324610861403,0.706811376477491,133.531714733254,137.295621006043,8.73634219116293,59.2614365683631,0.616093078110022,0.565461856404784,0.0803934361908044,0.48543329404966,10.1744701159457,0.93619450853359,10.2040335930364,0.170135410792366,0.0675328978908715,80.2449206719641,1.29861567007028,0.644395984889562,6.90353277275911,1.28037473019478,85.2907413771607,82.4676069166597,6.4562686474867,-2.94961910762852,0.444217941671116,3.10569836571813,0.458985667174225,-0.053443260799087,0.0935144597483634,0.0414100078201381,-0.0155550960339911,0.0554515596342798
19.812,23.8566442335555,30.3229943074004,0.217831578852541,0.233521463513663,0.0427048913781192,0.321387024975837,10.8319693421869,0.540805943954868,0.193397694861559,0.04051068110746,0.057983123505103,140.863817347869,0.559720217589392,0.399756506912716,36.1845924576287,26.1024231836937,6.06689562756202,0.204915255615889,71.3900508203484,43.0828100305289,3.67780603476868,1.65138451032765,32.5382543101771,0.112917504316913,0.939924784337805,0.114919330907595,0.640763749917527,15.0544628209308,0.254242840648704,0.0802482648032554,0.0502047072289265,142.399375305439,1.92900898232117,0.625796802795496,3.83858858260259,1.99324610861403,0.706811376477491,133.531714733254,137.295621006043,8.73634219116293,59.2614365683631,0.616093078110022,0.565461856404784,0.0803934361908044,0.48543329404966,10.1744701159457,0.93619450853359,10.2040335930364,0.170135410792366,0.0675328978908715,80.2449206719641,1.29861567007028,0.644395984889562,6.90353277275911,1.28037473019478,85.2907413771607,82.4676069166597,6.4562686474867,-2.94961910762852,0.444217941671116,3.10569836571813,0.458985667174225,-0.0534432607990871,0.0935144597483634,0.0414100078201381,-0.0155550960339911,0.0554515596342798
4.572,23.6610805563605,30.4742485768501,0.217808612590676,0.156325066122906,0.0395264729191244,0.239503103775148,10.2449930413098,0.495175077030365,0.182750732990383,0.032398069956647,0.0659139353227934,144.546369524645,0.625281698059809,0.890490078431084,36.1970330476571,26.5390059579049,6.17609068446659,0.327299517933695,73.2572339792593,36.6476459948419,3.46134933022453,1.5350961820314,41.9390492265274,0.0983647939342538,0.393082798294855,0.0762059190081286,0.674387490303705,15.6210920145688,0.324157066523661,0.0776647169438315,0.0528090163439003,238.367043520268,2.24684770401342,1.33533455886645,3.82243131212688,1.99360106075345,0.929416599013962,150.359334749379,126.604996490857,8.73258735564027,59.0493940352513,0.251285322066501,0.210371188990792,0.0510476353240603,0.431228090642641,9.84855696577623,0.545765197855034,9.45809180129404,0.183659269220444,0.0430626463358321,113.941343979882,1.64206007069764,1.60472046996062,7.40823356482225,1.18694913627256,93.2551216628327,55.8115085497963,5.24858448859364,-7.44086704572793,1.10590086598845,6.70669605210423,0.476372761097555,-0.0595134437530985,0.0901183740438234,0.024782340211455,-0.0107978716809012,0.0387752449150103
4.572,23.6610805563605,30.4742485768501,0.217808612590676,0.156325066122906,0.0395264729191244,0.239503103775148,10.2449930413098,0.495175077030365,0.182750732990383,0.032398069956647,0.0659139353227934,144.546369524645,0.625281698059809,0.890490078431084,36.1970330476571,26.5390059579049,6.17609068446659,0.327299517933695,73.2572339792593,36.6476459948419,3.46134933022453,1.5350961820314,41.9390492265274,0.0983647939342538,0.393082798294855,0.0762059190081286,0.674387490303705,15.6210920145688,0.324157066523661,0.0776647169438315,0.0528090163439003,238.367043520268,2.24684770401342,1.33533455886645,3.82243131212688,1.99360106075345,0.929416599013962,150.359334749379,126.604996490857,8.73258735564027,59.0493940352513,0.251285322066501,0.210371188990792,0.0510476353240603,0.431228090642641,9.84855696577623,0.545765197855034,9.45809180129404,0.183659269220444,0.0430626463358321,113.941343979882,1.64206007069764,1.60472046996062,7.40823356482225,1.18694913627256,93.2551216628327,55.8115085497963,5.24858448859364,-7.44086704572793,1.10590086598845,6.70669605210423,0.476372761097555,-0.0595134437530985,0.0901183740438234,0.0247823402114549,-0.0107978716809012,0.0387752449150102
6.096,23.827109388583,30.352715370019,0.217778171700214,0.175572231756452,0.0402005984168608,0.312299383714469,9.74174373162221,0.511768705757048,0.186689168695658,0.0318790891295726,0.0497785630629363,137.732127062652,0.462963846234253,0.347027301195676,36.1476339501895,26.5707690303322,6.1308333887286,0.277372819920421,67.6351872754133,43.855599196774,3.63887687308472,0.629647875252891,50.0884143228495,0.106686666183772,0.411056028472198,0.0673517911929268,0.913495070102803,14.7631942096158,0.287978337560562,0.067008089131751,0.0371382615265177,142.17205316391,1.88758870871507,0.872229389406132,3.48992801621559,1.98306899430827,0.914612265358373,138.461352019411,171.460166407011,8.66068281478834,59.2614178005465,0.261942584454239,0.243438036402692,0.0519433455383475,0.491612150648555,9.22915710903778,0.674441841263584,8.73423727536786,0.152329895339412,0.0410769286901085,59.4914099647581,1.84293898955433,0.735355501592227,6.3769566915165,1.07411026471591,83.8780635938138,84.1042331405621,6.0460939270836,-13.6623540770211,1.13863048068938,8.5034208483994,0.514447808567443,-0.0597771156570793,0.0900981224977293,0.0240069323747693,-0.0105912847748331,0.0380609668179978
13.716,23.827109388583,30.352715370019,0.217778171700214,0.175572231756452,0.0402005984168608,0.312299383714469,9.74174373162221,0.511768705757048,0.186689168695658,0.0318790891295726,0.0497785630629363,137.732127062652,0.462963846234253,0.347027301195676,36.1476339501895,26.5707690303322,6.1308333887286,0.277372819920421,67.6351872754133,43.855599196774,3.63887687308472,0.629647875252891,50.0884143228495,0.106686666183772,0.411056028472198,0.0673517911929268,0.913495070102803,14.7631942096158,0.287978337560562,0.067008089131751,0.0371382615265177,142.17205316391,1.88758870871507,0.872229389406132,3.48992801621559,1.98306899430827,0.914612265358373,138.461352019411,171.460166407011,8.66068281478834,59.2614178005465,0.261942584454239,0.243438036402692,0.0519433455383475,0.491612150648555,9.22915710903778,0.674441841263584,8.73423727536786,0.152329895339412,0.0410769286901085,59.4914099647581,1.84293898955433,0.735355501592227,6.3769566915165,1.07411026471591,83.8780635938138,84.1042331405621,6.0460939270836,-13.6623540770211,1.13863048068938,8.5034208483994,0.515669760513477,-0.0597768189966284,0.0900940733166647,0.0239976725096493,-0.0105880569898807,0.0380493382250169
13.716,23.827109388583,30.352715370019,0.217778171700214,0.175572231756452,0.0402005984168608,0.312299383714469,9.74174373162221,0.511768705757048,0.186689168695658,0.0318790891295726,0.0497785630629363,137.732127062652,0.462963846234253,0.347027301195676,36.1476339501895,26.5707690303322,6.1308333887286,0.277372819920421,67.6351872754133,43.855599196774,3.63887687308472,0.629647875252891,50.0884143228495,0.106686666183772,0.411056028472198,0.0673517911929268,0.913495070102803,14.7631942096158,0.287978337560562,0.067008089131751,0.0371382615265177,142.17205316391,1.88758870871507,0.872229389406132,3.48992801621559,1.98306899430827,0.914612265358373,138.461352019411,171.460166407011,8.66068281478834,59.2614178005465,0.261942584454239,0.243438036402692,0.0519433455383475,0.491612150648555,9.22915710903778,0.674441841263584,8.73423727536786,0.152329895339412,0.0410769286901085,59.4914099647581,1.84293898955433,0.735355501592227,6.3769566915165,1.07411026471591,83.8780635938138,84.1042331405621,6.0460939270836,-13.6623540770211,1.13863048068938,8.5034208483994,0.515669760513477,-0.0597768189966284,0.0900940733166647,0.0239976725096493,-0.0105880569898807,0.0380493382250169
16.764,23.9117713706172,30.307210626186,0.217718901313412,0.184900832656128,0.0404728088477983,0.317062339175961,8.91938507964722,0.530002477753931,0.194075039386964,0.03037691383979,0.0469827973921579,127.788594014964,0.478010788491202,0.328821762197222,36.1039667536101,26.5895163328975,6.0908025603022,0.175217109076137,59.9401884732803,28.8105041874836,3.55669333705911,1.11247687740783,37.6924449969179,0.112185868131571,0.532063876990716,0.0880462308717939,0.762441210567057,13.9899970674816,0.281959370722341,0.0669957022052868,0.0305620462408869,112.637707248385,1.86636433071485,0.625613195239087,3.2542391162378,1.99488054330605,0.648226557402767,141.743277009027,77.5112988715844,8.28306904833378,59.3663110976919,0.33515847486754,0.307969308701768,0.046458854857809,0.446312579552964,8.14614370277212,0.741630380275204,7.79021521301187,0.179191750743452,0.0379144789552841,46.8793704254827,1.98425116291913,0.691786082178748,5.85393535798942,1.00175534726918,74.8607425702515,39.0516522521983,4.88010647372811,-15.8732942944797,0.635485778750563,4.24584708362818,0.570687813713418,-0.0698046781540647,0.0690626138519251,-0.0213670022324108,0.00151174410607534,-0.00403411658514469
16.764,23.9117713706172,30.307210626186,0.217718901313412,0.184900832656128,0.0404728088477983,0.317062339175961,8.91938507964722,0.530002477753931,0.194075039386964,0.03037691383979,0.0469827973921579,127.788594014964,0.478010788491202,0.328821762197222,36.1039667536101,26.5895163328975,6.0908025603022,0.175217109076137,59.9401884732803,28.8105041874836,3.55669333705911,1.11247687740783,37.6924449969179,0.112185868131571,0.532063876990716,0.0880462308717939,0.762441210567057,13.9899970674816,0.281959370722341,0.0669957022052868,0.0305620462408869,112.637707248385,1.86636433071485,0.625613195239087,3.2542391162378,1.99488054330605,0.648226557402767,141.743277009027,77.5112988715844,8.28306904833378,59.3663110976919,0.33515847486754,0.307969308701768,0.046458854857809,0.446312579552964,8.14614370277212,0.741630380275204,7.79021521301187,0.179191750743452,0.0379144789552841,46.8793704254827,1.98425116291913,0.691786082178748,5.85393535798942,1.00175534726918,74.8607425702515,39.0516522521983,4.88010647372811,-15.8732942944797,0.635485778750563,4.24584708362818,0.570687813713418,-0.0698046781540647,0.0690626138519251,-0.0213670022324108,0.00151174410607534,-0.00403411658514469
12.192,23.9724405969284,30.2679943074004,0.21767920313129,0.187513785439229,0.0400280833757868,0.32428421082102,9.05833065893538,0.552547062300475,0.189771541641621,0.0315945830993048,0.053181789474631,118.777474804047,0.434611940936373,0.338271460930005,36.0849929074568,26.382361587784,6.13941328749359,0.167827183858455,80.0882889278268,37.7887147860175,3.89736622567433,0.539431925054291,43.4211104497038,0.113063755642499,0.418566326136119,0.0644911549432798,0.865834846370695,11.6321701846931,0.302103952925553,0.0577206742703162,0.0568634223053648,116.029256897737,1.85818018406477,0.658533392607121,3.64920754679542,2.05833809794757,0.580621283352677,201.042096752077,128.005293670412,8.765699245679,59.0522926092853,0.27194369056585,0.314228404417351,0.0538692769572197,0.415660084326125,6.87086005241942,0.718629367623532,9.80917840897613,0.170799612562609,0.0408973342060405,48.8836782695385,1.97029595786973,0.799157684671637,6.08636818929115,1.11098067133642,111.018412326869,78.6172243912414,4.9485723234421,-1.23223415049947,0.973019770844358,4.25672720372677,0.669621140705926,-0.0799334562324167,0.0419810676061497,-0.0462206407175563,0.00479192649588908,-0.0129060553695166
12.192,23.9724405969284,30.2679943074004,0.21767920313129,0.187513785439229,0.0400280833757868,0.32428421082102,9.05833065893538,0.552547062300475,0.189771541641621,0.0315945830993048,0.053181789474631,118.777474804047,0.434611940936373,0.338271460930005,36.0849929074568,26.382361587784,6.13941328749359,0.167827183858455,80.0882889278268,37.7887147860175,3.89736622567433,0.539431925054291,43.4211104497038,0.113063755642499,0.418566326136119,0.0644911549432798,0.865834846370695,11.6321701846931,0.302103952925553,0.0577206742703162,0.0568634223053648,116.029256897737,1.85818018406477,0.658533392607121,3.64920754679542,2.05833809794757,0.580621283352677,201.042096752077,128.005293670412,8.765699245679,59.0522926092853,0.27194369056585,0.314228404417351,0.0538692769572197,0.415660084326125,6.87086005241942,0.718629367623532,9.80917840897613,0.170799612562609,0.0408973342060405,48.8836782695385,1.97029595786973,0.799157684671637,6.08636818929115,1.11098067133642,111.018412326869,78.6172243912414,4.9485723234421,-1.23223415049947,0.973019770844358,4.25672720372677,0.669621140705926,-0.0799334562324167,0.0419810676061497,-0.0462206407175563,0.00479192649588908,-0.0129060553695166
3.048,23.8250336858881,30.3663908918406,0.217686590287757,0.182127212839869,0.0393917330444531,0.321523527681582,9.15382038941254,0.546753711516988,0.186419459335864,0.0293398002763787,0.0558915922992601,121.087264704957,0.436402765083866,0.506657125422973,36.1095066280049,26.2995798278502,6.1623578845624,0.215509485480469,73.315046590315,39.7756216613972,3.62183123885827,0.62431740729531,42.1586192286159,0.104941318938062,0.42137761927368,0.0440078550999647,0.515358159864485,8.91990845961861,0.187783161902392,0.0512407673891334,0.0598861173508564,83.9777814961541,1.92568654623083,0.932931747466381,3.77579967141115,2.04725778682049,0.630632332158991,179.796441095927,131.163208790596,8.71140019133922,58.6615014104523,0.37286426341731,0.312956757332866,0.0481808141214797,0.40558794240747,6.9506464019834,0.718554827699982,9.80791977245025,0.165451983532461,0.0408352370781256,69.9440096896403,1.82462873292258,1.10890540710063,6.79682802947711,1.20199299983688,92.6679305972325,76.8112668427041,4.88928380473606,0.869173949435253,0.973019770844358,4.25672720372677,0.681984174689424,-0.0817466850670315,0.0325337106158991,-0.0480758065624553,0.00391514221089697,-0.00905459044248245
3.048,23.6848063604752,30.5070853889943,0.217699731324282,0.173947071706646,0.0399310007612777,0.33286816092565,10.3384527382429,0.54202717276907,0.191794708960883,0.0316585050197892,0.0599186294865599,125.407705415937,0.601962359903282,0.868600703748361,36.1129833693367,26.3229209998682,6.17918343674835,0.279283461969343,70.4636055623389,38.7973401846393,3.520597645519,1.25249526210544,41.2578152521904,0.0955720424135907,0.541930605206482,0.0488990600720902,0.629176189373235,10.1242002831048,0.264870484224889,0.0636857094951527,0.0640455505966558,124.444474680895,2.05639274277866,1.39505081634136,3.9044558789643,2.01204487817866,0.700113232599372,142.605857820669,124.950553210043,8.24420843553876,58.2172241893709,0.377480620865635,0.302721564909745,0.0447502511205243,0.398206637451394,7.31363792520625,0.712772758455905,9.34845689971891,0.179216366475521,0.0421396359850018,72.5814336152955,1.33593513852314,1.3064992311654,7.77989536113131,1.34346862528241,74.5360757722191,73.4465922410033,5.02828367322276,1.9552639424046,1.61846988938206,4.93138359487057,0.683823123030497,-0.0759826953941809,0.014721586914919,-0.070945666909446,0.0141274669613645,-0.0467272982083644
9.144,23.9381648073022,30.3045445920304,0.217686146163646,0.192652195370001,0.0406105999623451,0.312751305645904,10.3564248235756,0.556834814482596,0.18997710139524,0.0318323127260152,0.058864700833449,118.24581690978,0.467421072632302,0.575671098583492,36.1319397550857,26.2297343672898,6.17696912976429,0.199937907054334,71.4869884390061,40.9515756099454,3.74359806619165,0.457131356818866,35.2677311637241,0.108923702833016,0.543351154990536,0.0666882873069809,0.62015928702584,11.7041459035283,0.266303936147295,0.0627365698013284,0.0588491526070657,136.404435445486,2.0928044673858,0.742892269687937,3.62732380802747,2.07664170023991,0.626067476891646,167.463785720197,131.761835642574,9.1189326796882,58.5806650849587,0.388499916111588,0.309931785266251,0.0477024547334804,0.399387419086656,6.78845090229898,0.718085419725697,9.8110998190054,0.162392723392456,0.0404396320783753,70.802115713379,1.73184572690834,1.19492575948823,6.73418830373448,1.19608879957879,86.2857666696434,79.017951009441,5.2388592725815,2.07460725066255,0.619649729664214,3.95126928389072,0.727099733539544,-0.0759100262299856,0.0142247784995156,-0.071322537217155,0.0142647984235694,-0.047220424597914
3.048,23.7504726890756,30.4351119544592,0.217728372050993,0.177908495173621,0.0398697942450036,0.326750126852824,9.09685392420353,0.556783410214468,0.189339531694068,0.0315490030594463,0.0576955305795902,123.183102450561,0.354686849919189,1.31243863533365,36.1124255749068,26.3586808163743,6.1747156401762,0.257202506026422,63.8902737772626,36.5999632729314,3.67088050916951,1.30171455685806,46.1272008529397,0.099621510668083,0.360218200350859,0.0332459511851367,0.567033921639344,8.83110653688732,0.155622235902755,0.0507386657100081,0.0557794309150383,73.9721143996121,2.61584030940316,1.26571383643672,3.87316053684922,1.95897024763047,0.684616166614916,123.89975331765,118.177434310709,8.84776320207969,57.7424546473733,0.36721465590224,0.307972813420569,0.0425235260774081,0.387715123382829,7.49904344947123,0.717599302954061,9.81436036169966,0.167282499788238,0.0401524167173972,69.3141272754436,1.68626845258406,0.914476147204523,7.50301593462569,1.30713366619818,73.8296680209164,66.4108735862669,5.51723204791967,3.20974793338076,1.00521420435264,3.89303209632635,0.775268124577197,-0.0685079360330929,-0.0321087667366433,-0.0799170268474296,0.0165632101599303,-0.0552980300120408
3.048,23.7504726890756,30.4351119544592,0.217728372050993,0.177908495173621,0.0398697942450036,0.326750126852824,9.09685392420353,0.556783410214468,0.189339531694068,0.0315490030594463,0.0576955305795902,123.183102450561,0.354686849919189,1.31243863533365,36.1124255749068,26.3586808163743,6.1747156401762,0.257202506026422,63.8902737772626,36.5999632729314,3.67088050916951,1.30171455685806,46.1272008529397,0.099621510668083,0.360218200350859,0.0332459511851367,0.567033921639344,8.83110653688732,0.155622235902755,0.0507386657100081,0.0557794309150383,73.9721143996121,2.61584030940316,1.26571383643672,3.87316053684922,1.95897024763047,0.684616166614916,123.89975331765,118.177434310709,8.84776320207969,57.7424546473733,0.36721465590224,0.307972813420569,0.0425235260774081,0.387715123382829,7.49904344947123,0.717599302954061,9.81436036169966,0.167282499788238,0.0401524167173972,69.3141272754436,1.68626845258406,0.914476147204523,7.50301593462569,1.30713366619818,73.8296680209164,66.4108735862669,5.51723204791967,3.20974793338076,1.00521420435264,3.89303209632635,0.775268124577197,-0.0685079360330929,-0.0321087667366433,-0.0799170268474296,0.0165632101599303,-0.0552980300120408
3.048,23.7504726890756,30.4351119544592,0.217728372050993,0.177908495173621,0.0398697942450036,0.326750126852824,9.09685392420353,0.556783410214468,0.189339531694068,0.0315490030594463,0.0576955305795902,123.183102450561,0.354686849919189,1.31243863533365,36.1124255749068,26.3586808163743,6.1747156401762,0.257202506026422,63.8902737772626,36.5999632729314,3.67088050916951,1.30171455685806,46.1272008529397,0.099621510668083,0.360218200350859,0.0332459511851367,0.567033921639344,8.83110653688732,0.155622235902755,0.0507386657100081,0.0557794309150383,73.9721143996121,2.61584030940316,1.26571383643672,3.87316053684922,1.95897024763047,0.684616166614916,123.89975331765,118.177434310709,8.84776320207969,57.7424546473733,0.36721465590224,0.307972813420569,0.0425235260774081,0.387715123382829,7.49904344947123,0.717599302954061,9.81436036169966,0.167282499788238,0.0401524167173972,69.3141272754436,1.68626845258406,0.914476147204523,7.50301593462569,1.30713366619818,73.8296680209164,66.4108735862669,5.51723204791967,3.20974793338076,1.00521420435264,3.89303209632635,0.775268124577197,-0.0685079360330929,-0.0321087667366433,-0.0799170268474296,0.0165632101599303,-0.0552980300120408
3.048,23.7504726890756,30.4351119544592,0.217728372050993,0.177908495173621,0.0398697942450036,0.326750126852824,9.09685392420353,0.556783410214468,0.189339531694068,0.0315490030594463,0.0576955305795902,123.183102450561,0.354686849919189,1.31243863533365,36.1124255749068,26.3586808163743,6.1747156401762,0.257202506026422,63.8902737772626,36.5999632729314,3.67088050916951,1.30171455685806,46.1272008529397,0.099621510668083,0.360218200350859,0.0332459511851367,0.567033921639344,8.83110653688732,0.155622235902755,0.0507386657100081,0.0557794309150383,73.9721143996121,2.61584030940316,1.26571383643672,3.87316053684922,1.95897024763047,0.684616166614916,123.89975331765,118.177434310709,8.84776320207969,57.7424546473733,0.36721465590224,0.307972813420569,0.0425235260774081,0.387715123382829,7.49904344947123,0.717599302954061,9.81436036169966,0.167282499788238,0.0401524167173972,69.3141272754436,1.68626845258406,0.914476147204523,7.50301593462569,1.30713366619818,73.8296680209164,66.4108735862669,5.51723204791967,3.20974793338076,1.00521420435264,3.89303209632635,0.775268124577197,-0.0685079360330929,-0.0321087667366433,-0.0799170268474296,0.0165632101599303,-0.0552980300120408
3.048,23.7504726890756,30.4351119544592,0.217728372050993,0.177908495173621,0.0398697942450036,0.326750126852824,9.09685392420353,0.556783410214468,0.189339531694068,0.0315490030594463,0.0576955305795902,123.183102450561,0.354686849919189,1.31243863533365,36.1124255749068,26.3586808163743,6.1747156401762,0.257202506026422,63.8902737772626,36.5999632729314,3.67088050916951,1.30171455685806,46.1272008529397,0.099621510668083,0.360218200350859,0.0332459511851367,0.567033921639344,8.83110653688732,0.155622235902755,0.0507386657100081,0.0557794309150383,73.9721143996121,2.61584030940316,1.26571383643672,3.87316053684922,1.95897024763047,0.684616166614916,123.89975331765,118.177434310709,8.84776320207969,57.7424546473733,0.36721465590224,0.307972813420569,0.0425235260774081,0.387715123382829,7.49904344947123,0.717599302954061,9.81436036169966,0.167282499788238,0.0401524167173972,69.3141272754436,1.68626845258406,0.914476147204523,7.50301593462569,1.30713366619818,73.8296680209164,66.4108735862669,5.51723204791967,3.20974793338076,1.00521420435264,3.89303209632635,0.775268124577197,-0.0685079360330929,-0.0321087667366433,-0.0799170268474295,0.0165632101599303,-0.0552980300120408
16.764,23.9795662851347,30.2372371916509,0.21774148713035,0.192071676622347,0.0402487482877821,0.352314148833434,9.01024217870356,0.569022140685501,0.197003156019784,0.0332314438071805,0.0542170288912298,119.083435412869,0.411650026958958,0.888314609591819,36.1023914130882,26.3783319419664,6.15273287641714,0.193748012645711,58.9276832644184,38.9124488774027,3.69507697382291,1.08078002599528,47.0648720115308,0.109108585836998,0.502259533119291,0.0482807529665508,0.736913735433245,10.2452276460796,0.309053468470983,0.0767079640718402,0.0495312390283679,121.976881448558,2.46828776525019,0.744845625883926,3.70348868222008,1.97874278644767,0.607501942851209,121.895316732151,135.835691887703,8.71655640196022,57.9200309772113,0.372547306342003,0.31450591636201,0.0472312109089177,0.389302772739845,7.38905238221596,0.71863712379742,9.80925127864812,0.1883954906478,0.040897036523233,63.1333623668855,1.95967005452122,0.709550817415804,6.00312721255433,1.16133378914157,68.4131096816703,73.0231361729601,5.1831592689042,3.66088945459333,0.397867540664533,2.72997370362282,0.83725093409242,-0.0592753858854822,-0.063012924925414,-0.080264566088898,0.0170942154228718,-0.0573484370128669
16.764,23.9795662851347,30.2372371916509,0.21774148713035,0.192071676622347,0.0402487482877821,0.352314148833434,9.01024217870356,0.569022140685501,0.197003156019784,0.0332314438071805,0.0542170288912298,119.083435412869,0.411650026958958,0.888314609591819,36.1023914130882,26.3783319419664,6.15273287641714,0.193748012645711,58.9276832644184,38.9124488774027,3.69507697382291,1.08078002599528,47.0648720115308,0.109108585836998,0.502259533119291,0.0482807529665508,0.736913735433245,10.2452276460796,0.309053468470983,0.0767079640718402,0.0495312390283679,121.976881448558,2.46828776525019,0.744845625883926,3.70348868222008,1.97874278644767,0.607501942851209,121.895316732151,135.835691887703,8.71655640196022,57.9200309772113,0.372547306342003,0.31450591636201,0.0472312109089177,0.389302772739845,7.38905238221596,0.71863712379742,9.80925127864812,0.1883954906478,0.040897036523233,63.1333623668855,1.95967005452122,0.709550817415804,6.00312721255433,1.16133378914157,68.4131096816703,73.0231361729601,5.1831592689042,3.66088945459333,0.397867540664533,2.72997370362282,0.83725093409242,-0.0592753858854822,-0.0630129249254139,-0.080264566088898,0.0170942154228718,-0.0573484370128669
16.764,23.9795662851347,30.2372371916509,0.21774148713035,0.192071676622347,0.0402487482877821,0.352314148833434,9.01024217870356,0.569022140685501,0.197003156019784,0.0332314438071805,0.0542170288912298,119.083435412869,0.411650026958958,0.888314609591819,36.1023914130882,26.3783319419664,6.15273287641714,0.193748012645711,58.9276832644184,38.9124488774027,3.69507697382291,1.08078002599528,47.0648720115308,0.109108585836998,0.502259533119291,0.0482807529665508,0.736913735433245,10.2452276460796,0.309053468470983,0.0767079640718402,0.0495312390283679,121.976881448558,2.46828776525019,0.744845625883926,3.70348868222008,1.97874278644767,0.607501942851209,121.895316732151,135.835691887703,8.71655640196022,57.9200309772113,0.372547306342003,0.31450591636201,0.0472312109089177,0.389302772739845,7.38905238221596,0.71863712379742,9.80925127864812,0.1883954906478,0.040897036523233,63.1333623668855,1.95967005452122,0.709550817415804,6.00312721255433,1.16133378914157,68.4131096816703,73.0231361729601,5.1831592689042,3.66088945459333,0.397867540664533,2.72997370362282,0.83725093409242,-0.0592753858854822,-0.063012924925414,-0.080264566088898,0.0170942154228718,-0.0573484370128669
16.764,23.9795662851347,30.2372371916509,0.21774148713035,0.192071676622347,0.0402487482877821,0.352314148833434,9.01024217870356,0.569022140685501,0.197003156019784,0.0332314438071805,0.0542170288912298,119.083435412869,0.411650026958958,0.888314609591819,36.1023914130882,26.3783319419664,6.15273287641714,0.193748012645711,58.9276832644184,38.9124488774027,3.69507697382291,1.08078002599528,47.0648720115308,0.109108585836998,0.502259533119291,0.0482807529665508,0.736913735433245,10.2452276460796,0.309053468470983,0.0767079640718402,0.0495312390283679,121.976881448558,2.46828776525019,0.744845625883926,3.70348868222008,1.97874278644767,0.607501942851209,121.895316732151,135.835691887703,8.71655640196022,57.9200309772113,0.372547306342003,0.31450591636201,0.0472312109089177,0.389302772739845,7.38905238221596,0.71863712379742,9.80925127864812,0.1883954906478,0.040897036523233,63.1333623668855,1.95967005452122,0.709550817415804,6.00312721255433,1.16133378914157,68.4131096816703,73.0231361729601,5.1831592689042,3.66088945459333,0.397867540664533,2.72997370362282,0.83725093409242,-0.0592753858854822,-0.063012924925414,-0.080264566088898,0.0170942154228718,-0.0573484370128669
4.572,23.9795662851347,30.2372371916509,0.21774148713035,0.192071676622347,0.0402487482877821,0.352314148833434,9.01024217870356,0.569022140685501,0.197003156019784,0.0332314438071805,0.0542170288912298,119.083435412869,0.411650026958958,0.888314609591819,36.1023914130882,26.3783319419664,6.15273287641714,0.193748012645711,58.9276832644184,38.9124488774027,3.69507697382291,1.08078002599528,47.0648720115308,0.109108585836998,0.502259533119291,0.0482807529665508,0.736913735433245,10.2452276460796,0.309053468470983,0.0767079640718402,0.0495312390283679,121.976881448558,2.46828776525019,0.744845625883926,3.70348868222008,1.97874278644767,0.607501942851209,121.895316732151,135.835691887703,8.71655640196022,57.9200309772113,0.372547306342003,0.31450591636201,0.0472312109089177,0.389302772739845,7.38905238221596,0.71863712379742,9.80925127864812,0.1883954906478,0.040897036523233,63.1333623668855,1.95967005452122,0.709550817415804,6.00312721255433,1.16133378914157,68.4131096816703,73.0231361729601,5.1831592689042,3.66088945459333,0.397867540664533,2.72997370362282,0.833227139170657,-0.0593027793915703,-0.0629707061411375,-0.0803137902911676,0.0171078209174072,-0.0573954863503919
4.572,23.9589900753405,30.3011954459203,0.217819147105645,0.190490418724475,0.0398025231832443,0.352221710708258,7.82287279601767,0.57975178804846,0.182041780752628,0.0239497413215536,0.0478858603337715,124.189651240835,0.376401854299419,0.398395237063775,36.1542265931441,26.4522137154915,6.11643824337125,0.202297841936816,61.0350423698627,38.809265280767,3.3398991132064,0.633900313854744,42.0862117702534,0.107885671915699,0.211161778784315,0.0268264986706295,0.536225390614975,7.82662182627172,0.110682961931351,0.0264246259431107,0.0583842855431482,34.5722639810709,1.87861449610967,0.729080899985922,3.41667565991107,1.80684332111877,0.59133794823612,133.479967207168,125.074566899911,7.37916473935366,57.4421333561366,0.385103291990603,0.314101611727457,0.0452425372345391,0.3807091365917,7.56519710810828,0.718611485639597,9.80892716033431,0.164778458304191,0.0408530043989094,73.9486143814955,1.8962434354855,0.878807253385781,5.9585228175277,1.03404661405948,74.6744596592474,77.7564727995831,4.76360116772262,4.07206747782032,1.00983420971094,3.85064344108105,0.901904909364797,-0.0532248902867604,-0.0917417195692139,-0.0518112921390005,0.00434763104376097,-0.010228541553185
16.764,24.0287491306868,30.2544724857685,0.217816591109652,0.191122108702461,0.0401828129698507,0.367764326413337,8.57255931500285,0.577630904755213,0.186842965024195,0.0262361119115408,0.0528061122782168,122.521791993228,0.436728900694078,0.47504561635243,36.1635039911812,26.4300855509217,6.12279061164883,0.193407085674142,61.150110980104,39.2251791503566,3.45292781327585,0.317198817382271,41.2776132346542,0.110889501497217,0.296687529342409,0.0333578333774056,0.565110814759015,8.81965874549437,0.135821695960475,0.0369731826988597,0.0593192793479771,55.9098201842188,2.00501391731871,0.598220440039468,3.3801578729971,1.8168620780364,0.580181844716934,128.525990189232,126.728200811207,7.27637069223678,57.561996509466,0.385176703587249,0.314469727970788,0.0472380577063441,0.381603913486672,7.55849888788223,0.718635410522961,9.80921750237058,0.164643096670379,0.0408929962325203,74.6568358629247,1.94384720365158,0.879800396350484,6.19648302883407,1.02279799340982,74.0817721050856,78.5962870311929,4.83461353294183,4.1222868402491,1.00983420971094,3.85064344108105,0.906609351681091,-0.053193114080117,-0.0917453270690853,-0.0517603806199278,0.00433885898421476,-0.0102014641540644
16.764,24.0287491306868,30.2544724857685,0.217816591109652,0.191122108702461,0.0401828129698507,0.367764326413337,8.57255931500285,0.577630904755213,0.186842965024195,0.0262361119115408,0.0528061122782168,122.521791993228,0.436728900694078,0.47504561635243,36.1635039911812,26.4300855509217,6.12279061164883,0.193407085674142,61.150110980104,39.2251791503566,3.45292781327585,0.317198817382271,41.2776132346542,0.110889501497217,0.296687529342409,0.0333578333774056,0.565110814759015,8.81965874549437,0.135821695960475,0.0369731826988597,0.0593192793479771,55.9098201842188,2.00501391731871,0.598220440039468,3.3801578729971,1.8168620780364,0.580181844716934,128.525990189232,126.728200811207,7.27637069223678,57.561996509466,0.385176703587249,0.314469727970788,0.0472380577063441,0.381603913486672,7.55849888788223,0.718635410522961,9.80921750237058,0.164643096670379,0.0408929962325203,74.6568358629247,1.94384720365158,0.879800396350484,6.19648302883407,1.02279799340982,74.0817721050856,78.5962870311929,4.83461353294183,4.1222868402491,1.00983420971094,3.85064344108105,0.906609351681091,-0.053193114080117,-0.0917453270690853,-0.0517603806199278,0.00433885898421477,-0.0102014641540645
16.764,24.0287491306868,30.2544724857685,0.217816591109652,0.191122108702461,0.0401828129698507,0.367764326413337,8.57255931500285,0.577630904755213,0.186842965024195,0.0262361119115408,0.0528061122782168,122.521791993228,0.436728900694078,0.47504561635243,36.1635039911812,26.4300855509217,6.12279061164883,0.193407085674142,61.150110980104,39.2251791503566,3.45292781327585,0.317198817382271,41.2776132346542,0.110889501497217,0.296687529342409,0.0333578333774056,0.565110814759015,8.81965874549437,0.135821695960475,0.0369731826988597,0.0593192793479771,55.9098201842188,2.00501391731871,0.598220440039468,3.3801578729971,1.8168620780364,0.580181844716934,128.525990189232,126.728200811207,7.27637069223678,57.561996509466,0.385176703587249,0.314469727970788,0.0472380577063441,0.381603913486672,7.55849888788223,0.718635410522961,9.80921750237058,0.164643096670379,0.0408929962325203,74.6568358629247,1.94384720365158,0.879800396350484,6.19648302883407,1.02279799340982,74.0817721050856,78.5962870311929,4.83461353294183,4.1222868402491,1.00983420971094,3.85064344108105,0.906609351681091,-0.053193114080117,-0.0917453270690853,-0.0517603806199278,0.00433885898421476,-0.0102014641540645
16.764,24.0287491306868,30.2544724857685,0.217816591109652,0.191122108702461,0.0401828129698507,0.367764326413337,8.57255931500285,0.577630904755213,0.186842965024195,0.0262361119115408,0.0528061122782168,122.521791993228,0.436728900694078,0.47504561635243,36.1635039911812,26.4300855509217,6.12279061164883,0.193407085674142,61.150110980104,39.2251791503566,3.45292781327585,0.317198817382271,41.2776132346542,0.110889501497217,0.296687529342409,0.0333578333774056,0.565110814759015,8.81965874549437,0.135821695960475,0.0369731826988597,0.0593192793479771,55.9098201842188,2.00501391731871,0.598220440039468,3.3801578729971,1.8168620780364,0.580181844716934,128.525990189232,126.728200811207,7.27637069223678,57.561996509466,0.385176703587249,0.314469727970788,0.0472380577063441,0.381603913486672,7.55849888788223,0.718635410522961,9.80921750237058,0.164643096670379,0.0408929962325203,74.6568358629247,1.94384720365158,0.879800396350484,6.19648302883407,1.02279799340982,74.0817721050856,78.5962870311929,4.83461353294183,4.1222868402491,1.00983420971094,3.85064344108105,0.906609351681091,-0.053193114080117,-0.0917453270690853,-0.0517603806199278,0.00433885898421476,-0.0102014641540645
16.764,24.0287491306868,30.2544724857685,0.217816591109652,0.191122108702461,0.0401828129698507,0.367764326413337,8.57255931500285,0.577630904755213,0.186842965024195,0.0262361119115408,0.0528061122782168,122.521791993228,0.436728900694078,0.47504561635243,36.1635039911812,26.4300855509217,6.12279061164883,0.193407085674142,61.150110980104,39.2251791503566,3.45292781327585,0.317198817382271,41.2776132346542,0.110889501497217,0.296687529342409,0.0333578333774056,0.565110814759015,8.81965874549437,0.135821695960475,0.0369731826988597,0.0593192793479771,55.9098201842188,2.00501391731871,0.598220440039468,3.3801578729971,1.8168620780364,0.580181844716934,128.525990189232,126.728200811207,7.27637069223678,57.561996509466,0.385176703587249,0.314469727970788,0.0472380577063441,0.381603913486672,7.55849888788223,0.718635410522961,9.80921750237058,0.164643096670379,0.0408929962325203,74.6568358629247,1.94384720365158,0.879800396350484,6.19648302883407,1.02279799340982,74.0817721050856,78.5962870311929,4.83461353294183,4.1222868402491,1.00983420971094,3.85064344108105,0.906609351681091,-0.053193114080117,-0.0917453270690853,-0.0517603806199278,0.00433885898421475,-0.0102014641540645
12.192,24.0273264271226,30.2108159392789,0.217884420557624,0.193722154425666,0.0435378835338774,0.279010812502527,9.5041359215706,0.595325379145673,0.198589669684318,0.0303186901414021,0.0568535327574838,127.943193396546,0.457676174196581,0.437468257858195,36.148456471499,26.3412470530915,6.18892239515989,0.177083178184845,61.7556989676878,33.8844166206959,3.11588982931703,0.835188840201229,40.3848507189949,0.106532908838773,0.548248889469156,0.0668321453632624,0.658648575034818,13.0456713184386,0.329639942432579,0.0638734211077952,0.0430466599003545,136.931959656726,1.97097161998496,0.714240700080516,3.28797015037169,1.81700764136336,0.533199825912168,136.280039165435,106.216505340116,6.8836019090362,57.1890500146879,0.381466283816962,0.312622957039804,0.0493876007650845,0.371014835165593,7.51960066088551,0.714994519449307,9.72654080153705,0.168689046619082,0.0404452665873454,56.9462516727504,1.71486213405945,0.895969634849944,6.10960656408836,1.07720704206598,69.463962587229,77.4034781372958,4.66342072903788,3.51457942584644,0.405591517533473,3.26563780754805,0.959243217621898,-0.0314393910195876,-0.115577600618242,-0.00830612335279962,-0.00631398797977096,0.0253754933000717
12.192,24.0273264271226,30.2108159392789,0.217884420557624,0.193722154425666,0.0435378835338774,0.279010812502527,9.5041359215706,0.595325379145673,0.198589669684318,0.0303186901414021,0.0568535327574838,127.943193396546,0.457676174196581,0.437468257858195,36.148456471499,26.3412470530915,6.18892239515989,0.177083178184845,61.7556989676878,33.8844166206959,3.11588982931703,0.835188840201229,40.3848507189949,0.106532908838773,0.548248889469156,0.0668321453632624,0.658648575034818,13.0456713184386,0.329639942432579,0.0638734211077952,0.0430466599003545,136.931959656726,1.97097161998496,0.714240700080516,3.28797015037169,1.81700764136336,0.533199825912168,136.280039165435,106.216505340116,6.8836019090362,57.1890500146879,0.381466283816962,0.312622957039804,0.0493876007650845,0.371014835165593,7.51960066088551,0.714994519449307,9.72654080153705,0.168689046619082,0.0404452665873454,56.9462516727504,1.71486213405945,0.895969634849944,6.10960656408836,1.07720704206598,69.463962587229,77.4034781372958,4.66342072903788,3.51457942584644,0.405591517533473,3.26563780754805,0.959243217621898,-0.0314393910195876,-0.115577600618242,-0.00830612335279962,-0.00631398797977095,0.0253754933000717
12.192,24.0273264271226,30.2108159392789,0.217884420557624,0.193722154425666,0.0435378835338774,0.279010812502527,9.5041359215706,0.595325379145673,0.198589669684318,0.0303186901414021,0.0568535327574838,127.943193396546,0.457676174196581,0.437468257858195,36.148456471499,26.3412470530915,6.18892239515989,0.177083178184845,61.7556989676878,33.8844166206959,3.11588982931703,0.835188840201229,40.3848507189949,0.106532908838773,0.548248889469156,0.0668321453632624,0.658648575034818,13.0456713184386,0.329639942432579,0.0638734211077952,0.0430466599003545,136.931959656726,1.97097161998496,0.714240700080516,3.28797015037169,1.81700764136336,0.533199825912168,136.280039165435,106.216505340116,6.8836019090362,57.1890500146879,0.381466283816962,0.312622957039804,0.0493876007650845,0.371014835165593,7.51960066088551,0.714994519449307,9.72654080153705,0.168689046619082,0.0404452665873454,56.9462516727504,1.71486213405945,0.895969634849944,6.10960656408836,1.07720704206598,69.463962587229,77.4034781372958,4.66342072903788,3.51457942584644,0.405591517533473,3.26563780754805,0.959243217621898,-0.0314393910195876,-0.115577600618242,-0.0083061233527996,-0.00631398797977095,0.0253754933000717
3.048,23.7903011445958,30.4121499051233,0.217866302169348,0.203357870449991,0.0446824468115614,0.308076427837324,9.85405606763128,0.61710291793078,0.201045458558495,0.0290541721930203,0.0761776004715059,133.047744187991,0.607222552303515,0.652778331831087,36.1810100218596,26.3273332487357,6.24867251516464,0.26329068379134,69.2308992642918,30.9598219943996,3.18627962434097,2.51098737842456,39.9241485990389,0.096624606178394,0.493316426126246,0.0673842570629536,0.476290507044095,13.1344710820232,0.418161395981351,0.049040666988121,0.0698897025444849,129.980906394872,1.93914256560762,1.41683928532173,3.96627129599676,1.86872488765312,0.647441299453497,149.24441107576,90.9008449731648,7.56288322522661,56.9148107396304,0.294444598434027,0.266191557103241,0.0503810065349565,0.363256534294485,7.93508497903311,0.517518318006637,8.36956548119604,0.230314266146545,0.026616470470167,60.3538901099567,0.865982564729798,0.982169079010718,7.71675292745048,1.36896051337728,75.6621719857962,48.4669860760836,4.24260616126607,3.73570836322719,1.85340127373228,3.39768946170807,0.910642829855224,-0.0439439357024122,-0.100533443749002,-0.0399993389863828,0.00241721557974924,-0.00435229800696728
4.572,23.9680189800058,30.2516546489564,0.217948146464876,0.200692443381223,0.0470178239914435,0.293233754315549,9.7670301849256,0.596233889439081,0.192829724600555,0.0312749079202168,0.0588179782963487,130.816594966261,0.569619689463594,0.525493559870613,36.1365216822075,26.2956106924075,6.18929991753761,0.184205658628402,72.9349824996601,40.816979955116,3.47432352791711,1.13016061877348,44.9749653411534,0.103583864272986,0.510684009984136,0.0774437025441137,0.648951952244923,12.9101174099517,0.299475343115746,0.0660377169046668,0.05258229689516,130.197266845554,1.96769506040572,0.821986918560578,3.4540982395338,1.7960757055873,0.522434712779949,141.940949307182,123.740331794411,6.92035181081636,56.9073955230311,0.331999100438729,0.317853186933762,0.0537608013460473,0.363755888367602,7.78664351090607,0.614981181520849,8.0006030289028,0.162882001024116,0.0384422389055901,61.6659533893543,1.53758519701145,1.07973251509478,6.36225170699876,1.18260202313896,88.5432445086947,78.0939551362008,5.16741034142471,2.41258680729093,1.43511297707467,4.04899777472019,0.983132182442352,-0.0144401014598122,-0.122343809379866,0.0229286650803315,-0.0131306362528136,0.0477743172671931
16.764,24.0937521008403,30.2020721062619,0.218025056590217,0.177888222430709,0.0444961380425181,0.264910135677078,9.90445414331193,0.556617076753245,0.197929868909635,0.0298962591526347,0.0584297828010788,129.791558274427,0.568481482900142,0.53665205174278,36.1710191075014,26.401885315738,6.15717780012367,0.181159810291709,66.034505566904,35.5569454586357,3.08202747042081,0.676663876105611,42.1175117870004,0.104018440790012,0.504674317365551,0.0830281958035049,0.632611071986342,13.4382026540876,0.254004189781463,0.0598096520365664,0.0433633188615083,128.394689300216,1.96876078399971,0.641304095676733,3.43841594953232,1.84599540574778,0.509280454791588,124.084574489539,116.49066591693,6.93241427811894,56.7642918346922,0.33935636694767,0.277567010626417,0.0515833342107718,0.350820317868596,8.13888623674459,0.647522990358033,8.6270717243531,0.157445669667558,0.0404525058533804,57.0122083973502,1.85751801848869,1.00742667466558,6.56415784601486,1.10434104268614,73.6472982782679,77.0554474970716,4.73787522434772,1.68986741628436,0.414030207733061,2.36042392998934,1.0421442482138,-0.00984731187874916,-0.121133082658621,0.0350813134243497,-0.0166229237217312,0.0599994839212667
16.764,24.0937521008403,30.2020721062619,0.218025056590217,0.177888222430709,0.0444961380425181,0.264910135677078,9.90445414331193,0.556617076753245,0.197929868909635,0.0298962591526347,0.0584297828010788,129.791558274427,0.568481482900142,0.53665205174278,36.1710191075014,26.401885315738,6.15717780012367,0.181159810291709,66.034505566904,35.5569454586357,3.08202747042081,0.676663876105611,42.1175117870004,0.104018440790012,0.504674317365551,0.0830281958035049,0.632611071986342,13.4382026540876,0.254004189781463,0.0598096520365664,0.0433633188615083,128.394689300216,1.96876078399971,0.641304095676733,3.43841594953232,1.84599540574778,0.509280454791588,124.084574489539,116.49066591693,6.93241427811894,56.7642918346922,0.33935636694767,0.277567010626417,0.0515833342107718,0.350820317868596,8.13888623674459,0.647522990358033,8.6270717243531,0.157445669667558,0.0404525058533804,57.0122083973502,1.85751801848869,1.00742667466558,6.56415784601486,1.10434104268614,73.6472982782679,77.0554474970716,4.73787522434772,1.68986741628436,0.414030207733061,2.36042392998934,1.0421442482138,-0.00984731187874916,-0.121133082658621,0.0350813134243496,-0.0166229237217312,0.0599994839212667
16.764,24.0937521008403,30.2020721062619,0.218025056590217,0.177888222430709,0.0444961380425181,0.264910135677078,9.90445414331193,0.556617076753245,0.197929868909635,0.0298962591526347,0.0584297828010788,129.791558274427,0.568481482900142,0.53665205174278,36.1710191075014,26.401885315738,6.15717780012367,0.181159810291709,66.034505566904,35.5569454586357,3.08202747042081,0.676663876105611,42.1175117870004,0.104018440790012,0.504674317365551,0.0830281958035049,0.632611071986342,13.4382026540876,0.254004189781463,0.0598096520365664,0.0433633188615083,128.394689300216,1.96876078399971,0.641304095676733,3.43841594953232,1.84599540574778,0.509280454791588,124.084574489539,116.49066591693,6.93241427811894,56.7642918346922,0.33935636694767,0.277567010626417,0.0515833342107718,0.350820317868596,8.13888623674459,0.647522990358033,8.6270717243531,0.157445669667558,0.0404525058533804,57.0122083973502,1.85751801848869,1.00742667466558,6.56415784601486,1.10434104268614,73.6472982782679,77.0554474970716,4.73787522434772,1.68986741628436,0.414030207733061,2.36042392998934,1.0421442482138,-0.00984731187874916,-0.121133082658621,0.0350813134243497,-0.0166229237217312,0.0599994839212667
4.572,22.0739708780064,30.4243187855787,0.217584909418449,0.187989993255644,0.0447330769575771,0.295090990411415,10.7840787411399,0.513719594036112,0.220395468549783,0.0318067856340107,0.0588768959643372,135.637094493736,0.96144264883482,1.44653728453902,36.1947848956073,25.8671602447492,6.20414425873374,0.20892917462421,63.3096822651637,36.8439400546365,3.12116176942566,2.94977797786637,22.8916550934128,0.353731684206778,0.531973119513016,0.0789905544888722,0.628295857608051,13.5401485424318,0.240071468415782,0.0624194941131694,0.0613753216372907,143.775119577587,2.69145105295846,0.786387917660546,3.86862645794401,1.69490543312883,0.407339969021973,106.781005817614,127.432229064907,6.09044108368144,34.9898055552087,0.385189183081299,0.314637671565205,0.0614703746554248,0.377669994152793,7.39110319381924,0.718637310120494,9.80924650820025,0.16449606780236,0.0408979531494095,75.7722432959844,1.98945366352066,2.19498552864142,7.29788829755921,1.08538280726524,67.9455866683835,79.2826668586771,4.89345062280236,5.72983716729334,0.993371974490138,4.61346732079983,-1.49139311259409,0.0217420447789569,-0.00188643592764152,0.0695100578423137,-0.00212135147621006,-0.056548076963418
